{"cameraMode":{"drawMode":0,"name":"Shaded","section":"Shading Mode"},"sceneLighting":false,"audioPlay":false,"sceneViewState":{"m_AlwaysRefresh":false,"showFog":true,"showSkybox":false,"showFlares":true,"showImageEffects":true,"showParticleSystems":true,"showVisualEffectGraphs":true,"m_FxEnabled":true},"in2DMode":false,"pivot":{"x":0.5321621894836426,"y":0.9999998807907105,"z":0.03010118007659912},"rotation":{"x":0.3115648329257965,"y":0.3256661593914032,"z":-0.11461514979600907,"w":0.8852903842926025},"size":5.873876571655273,"orthographic":false}