{"cameraMode":{"drawMode":0,"name":"Shaded","section":"Shading Mode"},"sceneLighting":false,"audioPlay":false,"sceneViewState":{"m_AlwaysRefresh":false,"showFog":true,"showSkybox":true,"showFlares":true,"showImageEffects":true,"showParticleSystems":true,"showVisualEffectGraphs":true,"m_FxEnabled":true},"in2DMode":false,"pivot":{"x":459.2215576171875,"y":27.527610778808595,"z":157.79124450683595},"rotation":{"x":0.09912154078483582,"y":-0.8944223523139954,"z":0.35983917117118838,"w":0.24638013541698457},"size":3.6277272701263429,"orthographic":false}